,filename
0,UTKFace/42_0_0_20170104170602137.jpg.chip.jpg
1,UTKFace/26_1_1_20170116234630017.jpg.chip.jpg
2,UTKFace/47_1_0_20170117160427895.jpg.chip.jpg
3,UTKFace/5_1_0_20170109191741223.jpg.chip.jpg
4,UTKFace/45_1_0_20170109220540006.jpg.chip.jpg
5,UTKFace/1_0_2_20161219161944926.jpg.chip.jpg
6,UTKFace/24_1_4_20161223231327524.jpg.chip.jpg
7,UTKFace/26_1_3_20170119193145481.jpg.chip.jpg
8,UTKFace/35_1_0_20170117182920141.jpg.chip.jpg
9,UTKFace/53_0_0_20170109010238192.jpg.chip.jpg
10,UTKFace/42_0_0_20170113182201676.jpg.chip.jpg
11,UTKFace/4_0_2_20161219160936862.jpg.chip.jpg
12,UTKFace/26_0_3_20170117153922501.jpg.chip.jpg
13,UTKFace/37_1_0_20170103183009635.jpg.chip.jpg
14,UTKFace/1_0_1_20161219160115237.jpg.chip.jpg
15,UTKFace/50_0_0_20170109012046787.jpg.chip.jpg
16,UTKFace/25_0_0_20170113181537380.jpg.chip.jpg
17,UTKFace/76_1_2_20170112205409556.jpg.chip.jpg
18,UTKFace/45_0_0_20170111181750431.jpg.chip.jpg
19,UTKFace/39_1_0_20170105165044508.jpg.chip.jpg
20,UTKFace/24_0_2_20170116170804180.jpg.chip.jpg
21,UTKFace/28_0_3_20170119194926283.jpg.chip.jpg
22,UTKFace/26_1_3_20170104234454339.jpg.chip.jpg
23,UTKFace/29_1_0_20170103175359824.jpg.chip.jpg
24,UTKFace/28_0_3_20170119194936611.jpg.chip.jpg
25,UTKFace/26_0_2_20170117172630501.jpg.chip.jpg
26,UTKFace/35_1_1_20170112191127473.jpg.chip.jpg
27,UTKFace/26_0_2_20170116181346232.jpg.chip.jpg
28,UTKFace/53_0_0_20170109002933938.jpg.chip.jpg
29,UTKFace/1_1_2_20161219153514108.jpg.chip.jpg
30,UTKFace/34_0_3_20170119200716509.jpg.chip.jpg
31,UTKFace/29_0_3_20170117022426014.jpg.chip.jpg
32,UTKFace/29_0_1_20170116025852455.jpg.chip.jpg
33,UTKFace/28_1_0_20170117122007101.jpg.chip.jpg
34,UTKFace/28_0_2_20170116170649686.jpg.chip.jpg
35,UTKFace/60_1_0_20170110141610416.jpg.chip.jpg
36,UTKFace/24_0_0_20170104230603529.jpg.chip.jpg
37,UTKFace/30_1_3_20170109134515826.jpg.chip.jpg
38,UTKFace/33_1_0_20170116205749382.jpg.chip.jpg
39,UTKFace/40_0_0_20170120222008245.jpg.chip.jpg
40,UTKFace/23_1_3_20170119164545181.jpg.chip.jpg
41,UTKFace/48_1_0_20170119201528627.jpg.chip.jpg
42,UTKFace/80_1_0_20170111210442298.jpg.chip.jpg
43,UTKFace/32_0_0_20170117182416733.jpg.chip.jpg
44,UTKFace/54_0_0_20170120223258396.jpg.chip.jpg
45,UTKFace/66_1_0_20170110122914995.jpg.chip.jpg
46,UTKFace/36_0_4_20170117140440824.jpg.chip.jpg
47,UTKFace/23_0_3_20170119152810247.jpg.chip.jpg
48,UTKFace/69_1_0_20170110143314986.jpg.chip.jpg
49,UTKFace/51_0_0_20170117162917059.jpg.chip.jpg
50,UTKFace/50_0_0_20170117160733057.jpg.chip.jpg
51,UTKFace/30_0_1_20170117130551448.jpg.chip.jpg
52,UTKFace/18_0_1_20170113175555906.jpg.chip.jpg
53,UTKFace/37_1_3_20170119163035788.jpg.chip.jpg
54,UTKFace/25_1_4_20170117151122740.jpg.chip.jpg
